"label","Commit","Date","Reliability_Score","Tests_Passed","Tests_Total","Tests_Failed","commit_message"
"Commit001","f53abc74","2026-02-21T18:13:24","18.181818181818183","4","22","18","Initial commit"
"Commit002","6cf8aee5","2026-02-21T19:09:33","40.909090909090914","9","22","13","Updates to recommendation-service and initial addition of TOML file"
"Commit003","cf96478a","2026-02-21T19:17:51","40.909090909090914","9","22","13","Updates in theme, Dockerfile, and config"
"Commit004","2ff84e62","2026-02-21T19:23:36","40.909090909090914","9","22","13","Updates to theme and removal of debug info"
"Commit005","f77e3226","2026-02-21T19:29:27","40.909090909090914","9","22","13","Minor changes in layout and examples listed"
"Commit006","9b5958d3","2026-02-21T19:36:09","40.909090909090914","9","22","13","Initial addition of data visualization features on home tab"
"Commit007","f0417381","2026-02-21T19:42:56","40.909090909090914","9","22","13","Updates to order of tabs from home page search. Removed example searches and listed examples instead."
"Commit008","867ee656","2026-02-21T19:50:13","77.27272727272727","17","22","5","Updates to visualizations, database schema, and documentation."
"Commit009","a4b4f860","2026-02-21T19:56:05","40.909090909090914","9","22","13","Implemented population tracking in the database schema and updated album service to handle population data."
"Commit010","da76ad2e","2026-02-21T20:03:45","40.909090909090914","9","22","13","Merge branch 'feature/database-track-population'"
"Commit021","25176341","2026-02-21T20:11:01","40.909090909090914","9","22","13","Testing commit issues"
"Commit022","3877bd36","2026-02-21T20:20:21","40.909090909090914","9","22","13","Updates for adding user profile storage and improved recommendation logic"
"Commit023","945c37ad","2026-02-21T20:28:21","86.36363636363636","19","22","3","Updates to recommendation service to handle user profile data correctly and added missing imports."
"Commit024","f9dee878","2026-02-21T20:34:44","86.36363636363636","19","22","3","Added structural views (PlantUML diagrams)"
"Commit027","0b8fcd52","2026-02-21T20:54:59","40.909090909090914","9","22","13","Merge branch 'main' of https://github.com/RobotCosmonaut/musicbrainz-app"
"Commit028","e9d03f0f","2026-02-21T21:01:22","40.909090909090914","9","22","13","Update README.md Context Diagram"
"current","2f6bf30b","2026-02-21T21:03:27","90.9090909090909","20","22","2","Updated README.md with new test details and added PowerShell scripts for analyzing test results and getting test details. Also updated FMEA report, test results, runtime summary, and reliability test for the album service."
