"Label","Commit","Date","TestName","Outcome","Duration"
"Commit001","f53abc74","2026-02-21T18:13:24","test_service_unavailable_returns_503_not_500","failed","4.081723499999498"
"Commit001","f53abc74","2026-02-21T18:13:24","test_correct_http_error_codes","failed","4.083389799998258"
"Commit001","f53abc74","2026-02-21T18:13:24","test_concurrent_routing_reliability","failed","4.133849200006807"
"Commit001","f53abc74","2026-02-21T18:13:24","test_timeout_configuration_present","failed","0.0009539999882690609"
"Commit001","f53abc74","2026-02-21T18:13:24","test_rate_limit_delay_enforced","passed","3.00364460000128"
"Commit001","f53abc74","2026-02-21T18:13:24","test_rate_limit_429_handling","passed","0.0010688000038499013"
"Commit001","f53abc74","2026-02-21T18:13:24","test_rapid_request_service_stability","failed","41.01525570001104"
"Commit001","f53abc74","2026-02-21T18:13:24","test_rate_limit_recovery","passed","1.0067030000063824"
"Commit001","f53abc74","2026-02-21T18:13:24","test_timeout_returns_empty_not_crash","passed","0.003109299999778159"
"Commit001","f53abc74","2026-02-21T18:13:24","test_recommendation_service_timeout_handling","failed","4.120332999998936"
"Commit001","f53abc74","2026-02-21T18:13:24","test_gateway_timeout_isolation","failed","6.119140399998287"
"Commit001","f53abc74","2026-02-21T18:13:24","test_genre_detection_known_genres","failed","0.15032899999641813"
"Commit001","f53abc74","2026-02-21T18:13:24","test_genre_detection_none_for_unknown","failed","0.0005744999943999574"
"Commit001","f53abc74","2026-02-21T18:13:24","test_diversity_filter_max_per_artist","failed","0.00024589999520685524"
"Commit001","f53abc74","2026-02-21T18:13:24","test_diversity_ratio_in_api_response","failed","4.089944499995909"
"Commit001","f53abc74","2026-02-21T18:13:24","test_empty_results_graceful_response","failed","4.1157176999986405"
"Commit001","f53abc74","2026-02-21T18:13:24","test_fallback_strategies_activated","failed","0.000112900001113303"
"Commit001","f53abc74","2026-02-21T18:13:24","test_profile_save_and_retrieve","failed","4.116720099991653"
"Commit001","f53abc74","2026-02-21T18:13:24","test_profile_update_overwrites_correctly","failed","4.086825200007297"
"Commit001","f53abc74","2026-02-21T18:13:24","test_profile_json_serialization","failed","0.05756580000161193"
"Commit001","f53abc74","2026-02-21T18:13:24","test_listening_history_saved_with_verification","failed","4.086488399989321"
"Commit001","f53abc74","2026-02-21T18:13:24","test_history_without_existing_profile","failed","0.00021399999968707561"
"Commit002","6cf8aee5","2026-02-21T19:09:33","test_service_unavailable_returns_503_not_500","failed","4.133366499998374"
"Commit002","6cf8aee5","2026-02-21T19:09:33","test_correct_http_error_codes","failed","4.078828500001691"
"Commit002","6cf8aee5","2026-02-21T19:09:33","test_concurrent_routing_reliability","failed","4.1254076000041096"
"Commit002","6cf8aee5","2026-02-21T19:09:33","test_timeout_configuration_present","passed","0.001049999991664663"
"Commit002","6cf8aee5","2026-02-21T19:09:33","test_rate_limit_delay_enforced","passed","3.003087699995376"
"Commit002","6cf8aee5","2026-02-21T19:09:33","test_rate_limit_429_handling","passed","0.0037521999911405146"
"Commit002","6cf8aee5","2026-02-21T19:09:33","test_rapid_request_service_stability","failed","41.09265099999902"
"Commit002","6cf8aee5","2026-02-21T19:09:33","test_rate_limit_recovery","passed","1.0019872999982908"
"Commit002","6cf8aee5","2026-02-21T19:09:33","test_timeout_returns_empty_not_crash","passed","0.000778300003730692"
"Commit002","6cf8aee5","2026-02-21T19:09:33","test_recommendation_service_timeout_handling","failed","4.0910047000070335"
"Commit002","6cf8aee5","2026-02-21T19:09:33","test_gateway_timeout_isolation","failed","6.103323799994541"
"Commit002","6cf8aee5","2026-02-21T19:09:33","test_genre_detection_known_genres","passed","0.05779859999893233"
"Commit002","6cf8aee5","2026-02-21T19:09:33","test_genre_detection_none_for_unknown","passed","0.00019540000357665122"
"Commit002","6cf8aee5","2026-02-21T19:09:33","test_diversity_filter_max_per_artist","passed","0.00044759998854715377"
"Commit002","6cf8aee5","2026-02-21T19:09:33","test_diversity_ratio_in_api_response","failed","4.095628499999293"
"Commit002","6cf8aee5","2026-02-21T19:09:33","test_empty_results_graceful_response","failed","4.095865399998729"
"Commit002","6cf8aee5","2026-02-21T19:09:33","test_fallback_strategies_activated","passed","1.0012384000001475"
"Commit002","6cf8aee5","2026-02-21T19:09:33","test_profile_save_and_retrieve","failed","4.101207700005034"
"Commit002","6cf8aee5","2026-02-21T19:09:33","test_profile_update_overwrites_correctly","failed","4.086224800004857"
"Commit002","6cf8aee5","2026-02-21T19:09:33","test_profile_json_serialization","failed","0.04878160000953358"
"Commit002","6cf8aee5","2026-02-21T19:09:33","test_listening_history_saved_with_verification","failed","4.112979900004575"
"Commit002","6cf8aee5","2026-02-21T19:09:33","test_history_without_existing_profile","failed","0.0001247000036528334"
"Commit003","cf96478a","2026-02-21T19:17:51","test_service_unavailable_returns_503_not_500","failed","4.14117499999702"
"Commit003","cf96478a","2026-02-21T19:17:51","test_correct_http_error_codes","failed","4.09825219999766"
"Commit003","cf96478a","2026-02-21T19:17:51","test_concurrent_routing_reliability","failed","4.107309300001361"
"Commit003","cf96478a","2026-02-21T19:17:51","test_timeout_configuration_present","passed","0.0011709999962477013"
"Commit003","cf96478a","2026-02-21T19:17:51","test_rate_limit_delay_enforced","passed","3.004615300000296"
"Commit003","cf96478a","2026-02-21T19:17:51","test_rate_limit_429_handling","passed","0.0027953999961027876"
"Commit003","cf96478a","2026-02-21T19:17:51","test_rapid_request_service_stability","failed","41.11286419999669"
"Commit003","cf96478a","2026-02-21T19:17:51","test_rate_limit_recovery","passed","1.004102300008526"
"Commit003","cf96478a","2026-02-21T19:17:51","test_timeout_returns_empty_not_crash","passed","0.0026925999991362914"
"Commit003","cf96478a","2026-02-21T19:17:51","test_recommendation_service_timeout_handling","failed","4.127787500008708"
"Commit003","cf96478a","2026-02-21T19:17:51","test_gateway_timeout_isolation","failed","6.122543999998015"
"Commit003","cf96478a","2026-02-21T19:17:51","test_genre_detection_known_genres","passed","0.06596949999220669"
"Commit003","cf96478a","2026-02-21T19:17:51","test_genre_detection_none_for_unknown","passed","0.00018360000103712082"
"Commit003","cf96478a","2026-02-21T19:17:51","test_diversity_filter_max_per_artist","passed","0.0004042999935336411"
"Commit003","cf96478a","2026-02-21T19:17:51","test_diversity_ratio_in_api_response","failed","4.09386869998707"
"Commit003","cf96478a","2026-02-21T19:17:51","test_empty_results_graceful_response","failed","4.092538900004001"
"Commit003","cf96478a","2026-02-21T19:17:51","test_fallback_strategies_activated","passed","0.7098879999975907"
"Commit003","cf96478a","2026-02-21T19:17:51","test_profile_save_and_retrieve","failed","4.131583900001715"
"Commit003","cf96478a","2026-02-21T19:17:51","test_profile_update_overwrites_correctly","failed","4.097859200002858"
"Commit003","cf96478a","2026-02-21T19:17:51","test_profile_json_serialization","failed","0.03975189999619033"
"Commit003","cf96478a","2026-02-21T19:17:51","test_listening_history_saved_with_verification","failed","4.106307200010633"
"Commit003","cf96478a","2026-02-21T19:17:51","test_history_without_existing_profile","failed","0.0001142999972216785"
"Commit004","2ff84e62","2026-02-21T19:23:36","test_service_unavailable_returns_503_not_500","failed","4.103611800004728"
"Commit004","2ff84e62","2026-02-21T19:23:36","test_correct_http_error_codes","failed","4.120651400007773"
"Commit004","2ff84e62","2026-02-21T19:23:36","test_concurrent_routing_reliability","failed","4.144101199999568"
"Commit004","2ff84e62","2026-02-21T19:23:36","test_timeout_configuration_present","passed","0.0009151999984169379"
"Commit004","2ff84e62","2026-02-21T19:23:36","test_rate_limit_delay_enforced","passed","3.0040621000080137"
"Commit004","2ff84e62","2026-02-21T19:23:36","test_rate_limit_429_handling","passed","0.0025647000002209097"
"Commit004","2ff84e62","2026-02-21T19:23:36","test_rapid_request_service_stability","failed","41.09380719999899"
"Commit004","2ff84e62","2026-02-21T19:23:36","test_rate_limit_recovery","passed","1.0036844999995083"
"Commit004","2ff84e62","2026-02-21T19:23:36","test_timeout_returns_empty_not_crash","passed","0.0022324000019580126"
"Commit004","2ff84e62","2026-02-21T19:23:36","test_recommendation_service_timeout_handling","failed","4.116128900001058"
"Commit004","2ff84e62","2026-02-21T19:23:36","test_gateway_timeout_isolation","failed","6.125478300004033"
"Commit004","2ff84e62","2026-02-21T19:23:36","test_genre_detection_known_genres","passed","0.0486562000005506"
"Commit004","2ff84e62","2026-02-21T19:23:36","test_genre_detection_none_for_unknown","passed","0.00022109999554231763"
"Commit004","2ff84e62","2026-02-21T19:23:36","test_diversity_filter_max_per_artist","passed","0.0004110999871045351"
"Commit004","2ff84e62","2026-02-21T19:23:36","test_diversity_ratio_in_api_response","failed","4.083929300002637"
"Commit004","2ff84e62","2026-02-21T19:23:36","test_empty_results_graceful_response","failed","4.103583399992203"
"Commit004","2ff84e62","2026-02-21T19:23:36","test_fallback_strategies_activated","passed","0.6908623000053922"
"Commit004","2ff84e62","2026-02-21T19:23:36","test_profile_save_and_retrieve","failed","4.1242452999867965"
"Commit004","2ff84e62","2026-02-21T19:23:36","test_profile_update_overwrites_correctly","failed","4.084745300002396"
"Commit004","2ff84e62","2026-02-21T19:23:36","test_profile_json_serialization","failed","0.030245299989474006"
"Commit004","2ff84e62","2026-02-21T19:23:36","test_listening_history_saved_with_verification","failed","4.115902899997309"
"Commit004","2ff84e62","2026-02-21T19:23:36","test_history_without_existing_profile","failed","0.00013949999993201345"
"Commit005","f77e3226","2026-02-21T19:29:27","test_service_unavailable_returns_503_not_500","failed","4.136814700003015"
"Commit005","f77e3226","2026-02-21T19:29:27","test_correct_http_error_codes","failed","4.079129800011287"
"Commit005","f77e3226","2026-02-21T19:29:27","test_concurrent_routing_reliability","failed","4.136283100000583"
"Commit005","f77e3226","2026-02-21T19:29:27","test_timeout_configuration_present","passed","0.0013696000096388161"
"Commit005","f77e3226","2026-02-21T19:29:27","test_rate_limit_delay_enforced","passed","3.004167300008703"
"Commit005","f77e3226","2026-02-21T19:29:27","test_rate_limit_429_handling","passed","0.0011569000052986667"
"Commit005","f77e3226","2026-02-21T19:29:27","test_rapid_request_service_stability","failed","41.07103579999239"
"Commit005","f77e3226","2026-02-21T19:29:27","test_rate_limit_recovery","passed","1.0027326000126777"
"Commit005","f77e3226","2026-02-21T19:29:27","test_timeout_returns_empty_not_crash","passed","0.0006221000076038763"
"Commit005","f77e3226","2026-02-21T19:29:27","test_recommendation_service_timeout_handling","failed","4.117454600011115"
"Commit005","f77e3226","2026-02-21T19:29:27","test_gateway_timeout_isolation","failed","6.150424000006751"
"Commit005","f77e3226","2026-02-21T19:29:27","test_genre_detection_known_genres","passed","0.04300549998879433"
"Commit005","f77e3226","2026-02-21T19:29:27","test_genre_detection_none_for_unknown","passed","0.00024310000299010426"
"Commit005","f77e3226","2026-02-21T19:29:27","test_diversity_filter_max_per_artist","passed","0.0004437000025063753"
"Commit005","f77e3226","2026-02-21T19:29:27","test_diversity_ratio_in_api_response","failed","4.102303799998481"
"Commit005","f77e3226","2026-02-21T19:29:27","test_empty_results_graceful_response","failed","4.134738300010213"
"Commit005","f77e3226","2026-02-21T19:29:27","test_fallback_strategies_activated","passed","0.6853326999989804"
"Commit005","f77e3226","2026-02-21T19:29:27","test_profile_save_and_retrieve","failed","4.111937699999544"
"Commit005","f77e3226","2026-02-21T19:29:27","test_profile_update_overwrites_correctly","failed","4.105772800001432"
"Commit005","f77e3226","2026-02-21T19:29:27","test_profile_json_serialization","failed","0.03337279999686871"
"Commit005","f77e3226","2026-02-21T19:29:27","test_listening_history_saved_with_verification","failed","4.1164293000038015"
"Commit005","f77e3226","2026-02-21T19:29:27","test_history_without_existing_profile","failed","0.00010779999138321728"
"Commit006","9b5958d3","2026-02-21T19:36:09","test_service_unavailable_returns_503_not_500","failed","4.137411799994879"
"Commit006","9b5958d3","2026-02-21T19:36:09","test_correct_http_error_codes","failed","4.094884099991759"
"Commit006","9b5958d3","2026-02-21T19:36:09","test_concurrent_routing_reliability","failed","4.104583199994522"
"Commit006","9b5958d3","2026-02-21T19:36:09","test_timeout_configuration_present","passed","0.0013127999991411343"
"Commit006","9b5958d3","2026-02-21T19:36:09","test_rate_limit_delay_enforced","passed","3.004759899995406"
"Commit006","9b5958d3","2026-02-21T19:36:09","test_rate_limit_429_handling","passed","0.0026431999867781997"
"Commit006","9b5958d3","2026-02-21T19:36:09","test_rapid_request_service_stability","failed","41.091890600000625"
"Commit006","9b5958d3","2026-02-21T19:36:09","test_rate_limit_recovery","passed","1.0032743000047049"
"Commit006","9b5958d3","2026-02-21T19:36:09","test_timeout_returns_empty_not_crash","passed","0.0012199000047985464"
"Commit006","9b5958d3","2026-02-21T19:36:09","test_recommendation_service_timeout_handling","failed","4.078590300006908"
"Commit006","9b5958d3","2026-02-21T19:36:09","test_gateway_timeout_isolation","failed","6.121293599993805"
"Commit006","9b5958d3","2026-02-21T19:36:09","test_genre_detection_known_genres","passed","0.07076050000614487"
"Commit006","9b5958d3","2026-02-21T19:36:09","test_genre_detection_none_for_unknown","passed","0.0004631999909179285"
"Commit006","9b5958d3","2026-02-21T19:36:09","test_diversity_filter_max_per_artist","passed","0.0007351000094786286"
"Commit006","9b5958d3","2026-02-21T19:36:09","test_diversity_ratio_in_api_response","failed","4.112430900000618"
"Commit006","9b5958d3","2026-02-21T19:36:09","test_empty_results_graceful_response","failed","4.095497400005115"
"Commit006","9b5958d3","2026-02-21T19:36:09","test_fallback_strategies_activated","passed","0.6629892999917502"
"Commit006","9b5958d3","2026-02-21T19:36:09","test_profile_save_and_retrieve","failed","4.114828400008264"
"Commit006","9b5958d3","2026-02-21T19:36:09","test_profile_update_overwrites_correctly","failed","4.104471400001785"
"Commit006","9b5958d3","2026-02-21T19:36:09","test_profile_json_serialization","failed","0.04868069999793079"
"Commit006","9b5958d3","2026-02-21T19:36:09","test_listening_history_saved_with_verification","failed","4.115533099989989"
"Commit006","9b5958d3","2026-02-21T19:36:09","test_history_without_existing_profile","failed","0.00010869999823626131"
"Commit007","f0417381","2026-02-21T19:42:56","test_service_unavailable_returns_503_not_500","failed","4.129410800000187"
"Commit007","f0417381","2026-02-21T19:42:56","test_correct_http_error_codes","failed","4.102156499997363"
"Commit007","f0417381","2026-02-21T19:42:56","test_concurrent_routing_reliability","failed","4.116104599990649"
"Commit007","f0417381","2026-02-21T19:42:56","test_timeout_configuration_present","passed","0.0004996999923605472"
"Commit007","f0417381","2026-02-21T19:42:56","test_rate_limit_delay_enforced","passed","3.002873199991882"
"Commit007","f0417381","2026-02-21T19:42:56","test_rate_limit_429_handling","passed","0.0008777000039117411"
"Commit007","f0417381","2026-02-21T19:42:56","test_rapid_request_service_stability","failed","41.00856930000009"
"Commit007","f0417381","2026-02-21T19:42:56","test_rate_limit_recovery","passed","1.0027247999969404"
"Commit007","f0417381","2026-02-21T19:42:56","test_timeout_returns_empty_not_crash","passed","0.0006053999968571588"
"Commit007","f0417381","2026-02-21T19:42:56","test_recommendation_service_timeout_handling","failed","4.119561899991822"
"Commit007","f0417381","2026-02-21T19:42:56","test_gateway_timeout_isolation","failed","6.117044500002521"
"Commit007","f0417381","2026-02-21T19:42:56","test_genre_detection_known_genres","passed","0.06551040000340436"
"Commit007","f0417381","2026-02-21T19:42:56","test_genre_detection_none_for_unknown","passed","0.00022669999452773482"
"Commit007","f0417381","2026-02-21T19:42:56","test_diversity_filter_max_per_artist","passed","0.0007736999978078529"
"Commit007","f0417381","2026-02-21T19:42:56","test_diversity_ratio_in_api_response","failed","4.128241800004616"
"Commit007","f0417381","2026-02-21T19:42:56","test_empty_results_graceful_response","failed","4.1077786999958334"
"Commit007","f0417381","2026-02-21T19:42:56","test_fallback_strategies_activated","passed","0.8306370000063907"
"Commit007","f0417381","2026-02-21T19:42:56","test_profile_save_and_retrieve","failed","4.121535499987658"
"Commit007","f0417381","2026-02-21T19:42:56","test_profile_update_overwrites_correctly","failed","4.080161500009126"
"Commit007","f0417381","2026-02-21T19:42:56","test_profile_json_serialization","failed","0.031409299990627915"
"Commit007","f0417381","2026-02-21T19:42:56","test_listening_history_saved_with_verification","failed","4.106192000006558"
"Commit007","f0417381","2026-02-21T19:42:56","test_history_without_existing_profile","failed","0.00011590000940486789"
"Commit008","867ee656","2026-02-21T19:50:13","test_service_unavailable_returns_503_not_500","passed","3.714744000011706"
"Commit008","867ee656","2026-02-21T19:50:13","test_correct_http_error_codes","passed","0.5539914999972098"
"Commit008","867ee656","2026-02-21T19:50:13","test_concurrent_routing_reliability","passed","3.2019197000045097"
"Commit008","867ee656","2026-02-21T19:50:13","test_timeout_configuration_present","passed","0.0009041000012075529"
"Commit008","867ee656","2026-02-21T19:50:13","test_rate_limit_delay_enforced","passed","3.004243999996106"
"Commit008","867ee656","2026-02-21T19:50:13","test_rate_limit_429_handling","passed","0.003006899991305545"
"Commit008","867ee656","2026-02-21T19:50:13","test_rapid_request_service_stability","passed","15.702527000001282"
"Commit008","867ee656","2026-02-21T19:50:13","test_rate_limit_recovery","passed","1.0058900000003632"
"Commit008","867ee656","2026-02-21T19:50:13","test_timeout_returns_empty_not_crash","passed","0.0013537000049836934"
"Commit008","867ee656","2026-02-21T19:50:13","test_recommendation_service_timeout_handling","passed","1.1603784000035375"
"Commit008","867ee656","2026-02-21T19:50:13","test_gateway_timeout_isolation","passed","1.8205899000022328"
"Commit008","867ee656","2026-02-21T19:50:13","test_genre_detection_known_genres","passed","0.08885669999290258"
"Commit008","867ee656","2026-02-21T19:50:13","test_genre_detection_none_for_unknown","passed","0.00055929999507498"
"Commit008","867ee656","2026-02-21T19:50:13","test_diversity_filter_max_per_artist","passed","0.0010806000063894317"
"Commit008","867ee656","2026-02-21T19:50:13","test_diversity_ratio_in_api_response","passed","1.4819551999971736"
"Commit008","867ee656","2026-02-21T19:50:13","test_empty_results_graceful_response","passed","0.19767189999402035"
"Commit008","867ee656","2026-02-21T19:50:13","test_fallback_strategies_activated","passed","0.670210500000394"
"Commit008","867ee656","2026-02-21T19:50:13","test_profile_save_and_retrieve","failed","0.090702000001329"
"Commit008","867ee656","2026-02-21T19:50:13","test_profile_update_overwrites_correctly","failed","0.06641110000782646"
"Commit008","867ee656","2026-02-21T19:50:13","test_profile_json_serialization","failed","0.03575490000366699"
"Commit008","867ee656","2026-02-21T19:50:13","test_listening_history_saved_with_verification","failed","0.048441799997817725"
"Commit008","867ee656","2026-02-21T19:50:13","test_history_without_existing_profile","failed","0.00029319999157451093"
"Commit009","a4b4f860","2026-02-21T19:56:05","test_service_unavailable_returns_503_not_500","failed","4.153212599994731"
"Commit009","a4b4f860","2026-02-21T19:56:05","test_correct_http_error_codes","failed","4.08050870000443"
"Commit009","a4b4f860","2026-02-21T19:56:05","test_concurrent_routing_reliability","failed","4.122900200003642"
"Commit009","a4b4f860","2026-02-21T19:56:05","test_timeout_configuration_present","passed","0.0004954999894835055"
"Commit009","a4b4f860","2026-02-21T19:56:05","test_rate_limit_delay_enforced","passed","3.00224519999756"
"Commit009","a4b4f860","2026-02-21T19:56:05","test_rate_limit_429_handling","passed","0.0009529999952064827"
"Commit009","a4b4f860","2026-02-21T19:56:05","test_rapid_request_service_stability","failed","41.06070309999632"
"Commit009","a4b4f860","2026-02-21T19:56:05","test_rate_limit_recovery","passed","1.0041743000037968"
"Commit009","a4b4f860","2026-02-21T19:56:05","test_timeout_returns_empty_not_crash","passed","0.002285499998833984"
"Commit009","a4b4f860","2026-02-21T19:56:05","test_recommendation_service_timeout_handling","failed","4.135838200003491"
"Commit009","a4b4f860","2026-02-21T19:56:05","test_gateway_timeout_isolation","failed","6.16645819999394"
"Commit009","a4b4f860","2026-02-21T19:56:05","test_genre_detection_known_genres","passed","0.042424400002346374"
"Commit009","a4b4f860","2026-02-21T19:56:05","test_genre_detection_none_for_unknown","passed","0.0002040999970631674"
"Commit009","a4b4f860","2026-02-21T19:56:05","test_diversity_filter_max_per_artist","passed","0.00040020000596996397"
"Commit009","a4b4f860","2026-02-21T19:56:05","test_diversity_ratio_in_api_response","failed","4.100568699999712"
"Commit009","a4b4f860","2026-02-21T19:56:05","test_empty_results_graceful_response","failed","4.120800799995777"
"Commit009","a4b4f860","2026-02-21T19:56:05","test_fallback_strategies_activated","passed","0.6916681000002427"
"Commit009","a4b4f860","2026-02-21T19:56:05","test_profile_save_and_retrieve","failed","4.117990600003395"
"Commit009","a4b4f860","2026-02-21T19:56:05","test_profile_update_overwrites_correctly","failed","4.081247900001472"
"Commit009","a4b4f860","2026-02-21T19:56:05","test_profile_json_serialization","failed","0.030457000000751577"
"Commit009","a4b4f860","2026-02-21T19:56:05","test_listening_history_saved_with_verification","failed","4.1042342000000644"
"Commit009","a4b4f860","2026-02-21T19:56:05","test_history_without_existing_profile","failed","0.00010579999070614576"
"Commit010","da76ad2e","2026-02-21T20:03:45","test_service_unavailable_returns_503_not_500","failed","4.0972987999994075"
"Commit010","da76ad2e","2026-02-21T20:03:45","test_correct_http_error_codes","failed","4.114356500009308"
"Commit010","da76ad2e","2026-02-21T20:03:45","test_concurrent_routing_reliability","failed","4.1077602000004845"
"Commit010","da76ad2e","2026-02-21T20:03:45","test_timeout_configuration_present","passed","0.0011918000091100112"
"Commit010","da76ad2e","2026-02-21T20:03:45","test_rate_limit_delay_enforced","passed","3.0048932999925455"
"Commit010","da76ad2e","2026-02-21T20:03:45","test_rate_limit_429_handling","passed","0.0024905000027501956"
"Commit010","da76ad2e","2026-02-21T20:03:45","test_rapid_request_service_stability","failed","41.068811000004644"
"Commit010","da76ad2e","2026-02-21T20:03:45","test_rate_limit_recovery","passed","1.0021808000019519"
"Commit010","da76ad2e","2026-02-21T20:03:45","test_timeout_returns_empty_not_crash","passed","0.002165800004149787"
"Commit010","da76ad2e","2026-02-21T20:03:45","test_recommendation_service_timeout_handling","failed","4.131516299996292"
"Commit010","da76ad2e","2026-02-21T20:03:45","test_gateway_timeout_isolation","failed","6.135791699998663"
"Commit010","da76ad2e","2026-02-21T20:03:45","test_genre_detection_known_genres","passed","0.05206240000552498"
"Commit010","da76ad2e","2026-02-21T20:03:45","test_genre_detection_none_for_unknown","passed","0.00021860000560991466"
"Commit010","da76ad2e","2026-02-21T20:03:45","test_diversity_filter_max_per_artist","passed","0.00041560000681784004"
"Commit010","da76ad2e","2026-02-21T20:03:45","test_diversity_ratio_in_api_response","failed","4.117264199987403"
"Commit010","da76ad2e","2026-02-21T20:03:45","test_empty_results_graceful_response","failed","4.118013400002383"
"Commit010","da76ad2e","2026-02-21T20:03:45","test_fallback_strategies_activated","passed","0.7262925000104588"
"Commit010","da76ad2e","2026-02-21T20:03:45","test_profile_save_and_retrieve","failed","4.075795800003107"
"Commit010","da76ad2e","2026-02-21T20:03:45","test_profile_update_overwrites_correctly","failed","4.088948200005689"
"Commit010","da76ad2e","2026-02-21T20:03:45","test_profile_json_serialization","failed","0.029811400003382005"
"Commit010","da76ad2e","2026-02-21T20:03:45","test_listening_history_saved_with_verification","failed","4.085663399993791"
"Commit010","da76ad2e","2026-02-21T20:03:45","test_history_without_existing_profile","failed","0.00010569998994469643"
"Commit021","25176341","2026-02-21T20:11:01","test_service_unavailable_returns_503_not_500","failed","4.140889200003585"
"Commit021","25176341","2026-02-21T20:11:01","test_correct_http_error_codes","failed","4.132220600004075"
"Commit021","25176341","2026-02-21T20:11:01","test_concurrent_routing_reliability","failed","4.115360900002997"
"Commit021","25176341","2026-02-21T20:11:01","test_timeout_configuration_present","passed","0.0006922000029589981"
"Commit021","25176341","2026-02-21T20:11:01","test_rate_limit_delay_enforced","passed","3.002449699997669"
"Commit021","25176341","2026-02-21T20:11:01","test_rate_limit_429_handling","passed","0.0024169000098481774"
"Commit021","25176341","2026-02-21T20:11:01","test_rapid_request_service_stability","failed","41.05258669999603"
"Commit021","25176341","2026-02-21T20:11:01","test_rate_limit_recovery","passed","1.002489999998943"
"Commit021","25176341","2026-02-21T20:11:01","test_timeout_returns_empty_not_crash","passed","0.0014451999886659905"
"Commit021","25176341","2026-02-21T20:11:01","test_recommendation_service_timeout_handling","failed","4.092252399990684"
"Commit021","25176341","2026-02-21T20:11:01","test_gateway_timeout_isolation","failed","6.154572900006315"
"Commit021","25176341","2026-02-21T20:11:01","test_genre_detection_known_genres","passed","0.03804139999556355"
"Commit021","25176341","2026-02-21T20:11:01","test_genre_detection_none_for_unknown","passed","0.00020300000323913991"
"Commit021","25176341","2026-02-21T20:11:01","test_diversity_filter_max_per_artist","passed","0.00042860000394284725"
"Commit021","25176341","2026-02-21T20:11:01","test_diversity_ratio_in_api_response","failed","4.094240100006573"
"Commit021","25176341","2026-02-21T20:11:01","test_empty_results_graceful_response","failed","4.116195199996582"
"Commit021","25176341","2026-02-21T20:11:01","test_fallback_strategies_activated","passed","0.6994780999957584"
"Commit021","25176341","2026-02-21T20:11:01","test_profile_save_and_retrieve","failed","4.095888199997717"
"Commit021","25176341","2026-02-21T20:11:01","test_profile_update_overwrites_correctly","failed","4.110694700008025"
"Commit021","25176341","2026-02-21T20:11:01","test_profile_json_serialization","failed","0.033699699997669086"
"Commit021","25176341","2026-02-21T20:11:01","test_listening_history_saved_with_verification","failed","4.097805400000652"
"Commit021","25176341","2026-02-21T20:11:01","test_history_without_existing_profile","failed","0.00011019999510608613"
"Commit022","3877bd36","2026-02-21T20:20:21","test_service_unavailable_returns_503_not_500","failed","4.091003100009402"
"Commit022","3877bd36","2026-02-21T20:20:21","test_correct_http_error_codes","failed","4.110205299992231"
"Commit022","3877bd36","2026-02-21T20:20:21","test_concurrent_routing_reliability","failed","4.129379099991638"
"Commit022","3877bd36","2026-02-21T20:20:21","test_timeout_configuration_present","passed","0.0010412000119686127"
"Commit022","3877bd36","2026-02-21T20:20:21","test_rate_limit_delay_enforced","passed","3.0038362000050256"
"Commit022","3877bd36","2026-02-21T20:20:21","test_rate_limit_429_handling","passed","0.002769399987300858"
"Commit022","3877bd36","2026-02-21T20:20:21","test_rapid_request_service_stability","failed","41.09904889999598"
"Commit022","3877bd36","2026-02-21T20:20:21","test_rate_limit_recovery","passed","1.0027923000016017"
"Commit022","3877bd36","2026-02-21T20:20:21","test_timeout_returns_empty_not_crash","passed","0.0008051000040723011"
"Commit022","3877bd36","2026-02-21T20:20:21","test_recommendation_service_timeout_handling","failed","4.136617800002568"
"Commit022","3877bd36","2026-02-21T20:20:21","test_gateway_timeout_isolation","failed","6.133883000002243"
"Commit022","3877bd36","2026-02-21T20:20:21","test_genre_detection_known_genres","passed","0.06834040000103414"
"Commit022","3877bd36","2026-02-21T20:20:21","test_genre_detection_none_for_unknown","passed","0.00022610000451095402"
"Commit022","3877bd36","2026-02-21T20:20:21","test_diversity_filter_max_per_artist","passed","0.00047130000893957913"
"Commit022","3877bd36","2026-02-21T20:20:21","test_diversity_ratio_in_api_response","failed","4.1119915999879595"
"Commit022","3877bd36","2026-02-21T20:20:21","test_empty_results_graceful_response","failed","4.112824600000749"
"Commit022","3877bd36","2026-02-21T20:20:21","test_fallback_strategies_activated","passed","0.673817600007169"
"Commit022","3877bd36","2026-02-21T20:20:21","test_profile_save_and_retrieve","failed","4.115955200002645"
"Commit022","3877bd36","2026-02-21T20:20:21","test_profile_update_overwrites_correctly","failed","4.102222499990603"
"Commit022","3877bd36","2026-02-21T20:20:21","test_profile_json_serialization","failed","0.03030899999430403"
"Commit022","3877bd36","2026-02-21T20:20:21","test_listening_history_saved_with_verification","failed","4.104821400003857"
"Commit022","3877bd36","2026-02-21T20:20:21","test_history_without_existing_profile","failed","0.00010940000356640667"
"Commit023","945c37ad","2026-02-21T20:28:21","test_service_unavailable_returns_503_not_500","failed","16.84087339999678"
"Commit023","945c37ad","2026-02-21T20:28:21","test_correct_http_error_codes","passed","0.531152600000496"
"Commit023","945c37ad","2026-02-21T20:28:21","test_concurrent_routing_reliability","passed","2.185276599993813"
"Commit023","945c37ad","2026-02-21T20:28:21","test_timeout_configuration_present","passed","0.004148199994233437"
"Commit023","945c37ad","2026-02-21T20:28:21","test_rate_limit_delay_enforced","passed","3.007778099999996"
"Commit023","945c37ad","2026-02-21T20:28:21","test_rate_limit_429_handling","passed","0.0047294999967562035"
"Commit023","945c37ad","2026-02-21T20:28:21","test_rapid_request_service_stability","passed","15.252438499999698"
"Commit023","945c37ad","2026-02-21T20:28:21","test_rate_limit_recovery","passed","1.0037408000061987"
"Commit023","945c37ad","2026-02-21T20:28:21","test_timeout_returns_empty_not_crash","passed","0.0004867999959969893"
"Commit023","945c37ad","2026-02-21T20:28:21","test_recommendation_service_timeout_handling","passed","0.9227706999954535"
"Commit023","945c37ad","2026-02-21T20:28:21","test_gateway_timeout_isolation","passed","1.9156693999975687"
"Commit023","945c37ad","2026-02-21T20:28:21","test_genre_detection_known_genres","passed","0.07479450000391807"
"Commit023","945c37ad","2026-02-21T20:28:21","test_genre_detection_none_for_unknown","passed","0.0006180000054882839"
"Commit023","945c37ad","2026-02-21T20:28:21","test_diversity_filter_max_per_artist","passed","0.0009024000028148293"
"Commit023","945c37ad","2026-02-21T20:28:21","test_diversity_ratio_in_api_response","passed","1.5368692000047304"
"Commit023","945c37ad","2026-02-21T20:28:21","test_empty_results_graceful_response","passed","0.16186649999872316"
"Commit023","945c37ad","2026-02-21T20:28:21","test_fallback_strategies_activated","passed","0.6997843999997713"
"Commit023","945c37ad","2026-02-21T20:28:21","test_profile_save_and_retrieve","passed","0.12767810000514146"
"Commit023","945c37ad","2026-02-21T20:28:21","test_profile_update_overwrites_correctly","passed","0.07106519999797456"
"Commit023","945c37ad","2026-02-21T20:28:21","test_profile_json_serialization","failed","0.03172130000893958"
"Commit023","945c37ad","2026-02-21T20:28:21","test_listening_history_saved_with_verification","passed","0.06663630000548437"
"Commit023","945c37ad","2026-02-21T20:28:21","test_history_without_existing_profile","failed","0.00012369999603834003"
"Commit024","f9dee878","2026-02-21T20:34:44","test_service_unavailable_returns_503_not_500","failed","16.95461349999823"
"Commit024","f9dee878","2026-02-21T20:34:44","test_correct_http_error_codes","passed","0.5623515000042971"
"Commit024","f9dee878","2026-02-21T20:34:44","test_concurrent_routing_reliability","passed","2.1168713999941247"
"Commit024","f9dee878","2026-02-21T20:34:44","test_timeout_configuration_present","passed","0.0006056999991415069"
"Commit024","f9dee878","2026-02-21T20:34:44","test_rate_limit_delay_enforced","passed","3.003709299999173"
"Commit024","f9dee878","2026-02-21T20:34:44","test_rate_limit_429_handling","passed","0.003578700008802116"
"Commit024","f9dee878","2026-02-21T20:34:44","test_rapid_request_service_stability","passed","15.38637999999628"
"Commit024","f9dee878","2026-02-21T20:34:44","test_rate_limit_recovery","passed","1.0052381999994395"
"Commit024","f9dee878","2026-02-21T20:34:44","test_timeout_returns_empty_not_crash","passed","0.001565899990964681"
"Commit024","f9dee878","2026-02-21T20:34:44","test_recommendation_service_timeout_handling","passed","0.8609230000001844"
"Commit024","f9dee878","2026-02-21T20:34:44","test_gateway_timeout_isolation","passed","1.9202262000035262"
"Commit024","f9dee878","2026-02-21T20:34:44","test_genre_detection_known_genres","passed","0.034345300009590574"
"Commit024","f9dee878","2026-02-21T20:34:44","test_genre_detection_none_for_unknown","passed","0.0002060999977402389"
"Commit024","f9dee878","2026-02-21T20:34:44","test_diversity_filter_max_per_artist","passed","0.0004369999951450154"
"Commit024","f9dee878","2026-02-21T20:34:44","test_diversity_ratio_in_api_response","passed","1.567507600004319"
"Commit024","f9dee878","2026-02-21T20:34:44","test_empty_results_graceful_response","passed","0.22744689999672119"
"Commit024","f9dee878","2026-02-21T20:34:44","test_fallback_strategies_activated","passed","1.0216495000058785"
"Commit024","f9dee878","2026-02-21T20:34:44","test_profile_save_and_retrieve","passed","0.05468699999619275"
"Commit024","f9dee878","2026-02-21T20:34:44","test_profile_update_overwrites_correctly","passed","0.09418690000893548"
"Commit024","f9dee878","2026-02-21T20:34:44","test_profile_json_serialization","failed","0.08224830000835937"
"Commit024","f9dee878","2026-02-21T20:34:44","test_listening_history_saved_with_verification","passed","0.10890369999106042"
"Commit024","f9dee878","2026-02-21T20:34:44","test_history_without_existing_profile","failed","0.00021630000264849514"
"Commit027","0b8fcd52","2026-02-21T20:54:59","test_service_unavailable_returns_503_not_500","failed","4.108826099996804"
"Commit027","0b8fcd52","2026-02-21T20:54:59","test_correct_http_error_codes","failed","4.116355999998632"
"Commit027","0b8fcd52","2026-02-21T20:54:59","test_concurrent_routing_reliability","failed","4.114625699992757"
"Commit027","0b8fcd52","2026-02-21T20:54:59","test_timeout_configuration_present","passed","0.003056400004425086"
"Commit027","0b8fcd52","2026-02-21T20:54:59","test_rate_limit_delay_enforced","passed","3.005169500000193"
"Commit027","0b8fcd52","2026-02-21T20:54:59","test_rate_limit_429_handling","passed","0.0016720999992685392"
"Commit027","0b8fcd52","2026-02-21T20:54:59","test_rapid_request_service_stability","failed","41.056988799988176"
"Commit027","0b8fcd52","2026-02-21T20:54:59","test_rate_limit_recovery","passed","1.0038164999859873"
"Commit027","0b8fcd52","2026-02-21T20:54:59","test_timeout_returns_empty_not_crash","passed","0.0017928000015672296"
"Commit027","0b8fcd52","2026-02-21T20:54:59","test_recommendation_service_timeout_handling","failed","4.0932190000021365"
"Commit027","0b8fcd52","2026-02-21T20:54:59","test_gateway_timeout_isolation","failed","6.132354300003499"
"Commit027","0b8fcd52","2026-02-21T20:54:59","test_genre_detection_known_genres","passed","0.0936916999926325"
"Commit027","0b8fcd52","2026-02-21T20:54:59","test_genre_detection_none_for_unknown","passed","0.00020709999080281705"
"Commit027","0b8fcd52","2026-02-21T20:54:59","test_diversity_filter_max_per_artist","passed","0.0005041999975219369"
"Commit027","0b8fcd52","2026-02-21T20:54:59","test_diversity_ratio_in_api_response","failed","4.056818099998054"
"Commit027","0b8fcd52","2026-02-21T20:54:59","test_empty_results_graceful_response","failed","4.124211500005913"
"Commit027","0b8fcd52","2026-02-21T20:54:59","test_fallback_strategies_activated","passed","0.983707699997467"
"Commit027","0b8fcd52","2026-02-21T20:54:59","test_profile_save_and_retrieve","failed","4.080851000006078"
"Commit027","0b8fcd52","2026-02-21T20:54:59","test_profile_update_overwrites_correctly","failed","4.083658899995498"
"Commit027","0b8fcd52","2026-02-21T20:54:59","test_profile_json_serialization","failed","0.03230890000122599"
"Commit027","0b8fcd52","2026-02-21T20:54:59","test_listening_history_saved_with_verification","failed","4.097758900010376"
"Commit027","0b8fcd52","2026-02-21T20:54:59","test_history_without_existing_profile","failed","0.00011499998799990863"
"Commit028","e9d03f0f","2026-02-21T21:01:22","test_service_unavailable_returns_503_not_500","failed","4.134111299994402"
"Commit028","e9d03f0f","2026-02-21T21:01:22","test_correct_http_error_codes","failed","4.102271199997631"
"Commit028","e9d03f0f","2026-02-21T21:01:22","test_concurrent_routing_reliability","failed","4.121051900001476"
"Commit028","e9d03f0f","2026-02-21T21:01:22","test_timeout_configuration_present","passed","0.0005528999899979681"
"Commit028","e9d03f0f","2026-02-21T21:01:22","test_rate_limit_delay_enforced","passed","3.0038182999996934"
"Commit028","e9d03f0f","2026-02-21T21:01:22","test_rate_limit_429_handling","passed","0.0027433999930508435"
"Commit028","e9d03f0f","2026-02-21T21:01:22","test_rapid_request_service_stability","failed","41.13604440000199"
"Commit028","e9d03f0f","2026-02-21T21:01:22","test_rate_limit_recovery","passed","1.0019753999949899"
"Commit028","e9d03f0f","2026-02-21T21:01:22","test_timeout_returns_empty_not_crash","passed","0.0013463999930536374"
"Commit028","e9d03f0f","2026-02-21T21:01:22","test_recommendation_service_timeout_handling","failed","4.117071099986788"
"Commit028","e9d03f0f","2026-02-21T21:01:22","test_gateway_timeout_isolation","failed","6.1284967999963555"
"Commit028","e9d03f0f","2026-02-21T21:01:22","test_genre_detection_known_genres","passed","0.038957299999310635"
"Commit028","e9d03f0f","2026-02-21T21:01:22","test_genre_detection_none_for_unknown","passed","0.00022000000171829015"
"Commit028","e9d03f0f","2026-02-21T21:01:22","test_diversity_filter_max_per_artist","passed","0.00044129999878350645"
"Commit028","e9d03f0f","2026-02-21T21:01:22","test_diversity_ratio_in_api_response","failed","4.095531600003596"
"Commit028","e9d03f0f","2026-02-21T21:01:22","test_empty_results_graceful_response","failed","4.077978599991184"
"Commit028","e9d03f0f","2026-02-21T21:01:22","test_fallback_strategies_activated","passed","0.6704778999992413"
"Commit028","e9d03f0f","2026-02-21T21:01:22","test_profile_save_and_retrieve","failed","4.102133099993807"
"Commit028","e9d03f0f","2026-02-21T21:01:22","test_profile_update_overwrites_correctly","failed","4.10927499999525"
"Commit028","e9d03f0f","2026-02-21T21:01:22","test_profile_json_serialization","failed","0.03070329999900423"
"Commit028","e9d03f0f","2026-02-21T21:01:22","test_listening_history_saved_with_verification","failed","4.088873999993666"
"Commit028","e9d03f0f","2026-02-21T21:01:22","test_history_without_existing_profile","failed","0.0001078000059351325"
"current","2f6bf30b","2026-02-21T21:03:27","test_service_unavailable_returns_503_not_500","passed","3.440710900002159"
"current","2f6bf30b","2026-02-21T21:03:27","test_correct_http_error_codes","passed","0.5312617000017781"
"current","2f6bf30b","2026-02-21T21:03:27","test_concurrent_routing_reliability","passed","2.705843799994909"
"current","2f6bf30b","2026-02-21T21:03:27","test_timeout_configuration_present","passed","0.06336689999443479"
"current","2f6bf30b","2026-02-21T21:03:27","test_rate_limit_delay_enforced","passed","3.0034516000014264"
"current","2f6bf30b","2026-02-21T21:03:27","test_rate_limit_429_handling","passed","0.001440699998056516"
"current","2f6bf30b","2026-02-21T21:03:27","test_rapid_request_service_stability","passed","14.20301890000701"
"current","2f6bf30b","2026-02-21T21:03:27","test_rate_limit_recovery","passed","1.0022513999865623"
"current","2f6bf30b","2026-02-21T21:03:27","test_timeout_returns_empty_not_crash","passed","0.0007818000012775883"
"current","2f6bf30b","2026-02-21T21:03:27","test_recommendation_service_timeout_handling","passed","0.8605531000066549"
"current","2f6bf30b","2026-02-21T21:03:27","test_gateway_timeout_isolation","passed","1.7639806999941356"
"current","2f6bf30b","2026-02-21T21:03:27","test_genre_detection_known_genres","passed","0.12225820000458043"
"current","2f6bf30b","2026-02-21T21:03:27","test_genre_detection_none_for_unknown","passed","0.0005727000097976997"
"current","2f6bf30b","2026-02-21T21:03:27","test_diversity_filter_max_per_artist","passed","0.0018892999942181632"
"current","2f6bf30b","2026-02-21T21:03:27","test_diversity_ratio_in_api_response","passed","1.3191395000030752"
"current","2f6bf30b","2026-02-21T21:03:27","test_empty_results_graceful_response","passed","0.18303860000742134"
"current","2f6bf30b","2026-02-21T21:03:27","test_fallback_strategies_activated","passed","0.7637230000109412"
"current","2f6bf30b","2026-02-21T21:03:27","test_profile_save_and_retrieve","passed","0.16167529999802355"
"current","2f6bf30b","2026-02-21T21:03:27","test_profile_update_overwrites_correctly","passed","0.1501467999914894"
"current","2f6bf30b","2026-02-21T21:03:27","test_profile_json_serialization","failed","0.16968659999838565"
"current","2f6bf30b","2026-02-21T21:03:27","test_listening_history_saved_with_verification","passed","0.15209169998706784"
"current","2f6bf30b","2026-02-21T21:03:27","test_history_without_existing_profile","failed","0.0010930999997071922"
